source_file,address,quartier,type_bien,surface,annee,prix_m2_retenu,valeur_venale,prix_presentation,description
Audrey/APPARTEMENTS/Gevray | Paquis/Estimation_Gevray1_duplex.pptx,Rue Abraham-Gevray 1,"Pâquis, Genève-Cité",Duplex,325.0,~2016,21000.0,7310000.0,7850000.0,"Duplex de standing de 325m² pondérés aux Pâquis, à 150m du lac. Séjour double hauteur, cuisine équipée avec cave à vin, 4 chambres en suite, salle de sport, conciergerie 24/24, 2 parkings et 2 caves. Excellent état, aucun travaux à prévoir."
Audrey/APPARTEMENTS/Grenade 1/Estimation_Grenade1_Lombardini.pptx,"Avenue de la Grenade 1, Genève-Eaux-Vives",Eaux-Vives,Appartement,,Période de 1919 à 1945,21000.0,7551010.0,6550000.0,"Bel appartement de caractère sur le Quai Gustave-Ador, grand salon avec cheminée, second salon, salle à manger, suite parentale, 3 chambres, terrasse face au lac, cave et box. Nécessite une rénovation complète."
Audrey/APPARTEMENTS/Marie-Dentière/Marie-Dentière 34.pptx,"Chemin Marie-Dentière 34, 1206 Genève",Champel,Appartement en duplex,,2011-2015 (rénové en 2024),14000.0,4588838.0,4820000.0,"Appartement en duplex situé au rez-de-chaussée et rez-inférieur d'un immeuble familial à Champel, avec grand salon, salle à manger, cuisine équipée, 4 chambres, suite parentale, terrasse, jardin privé, cave et box double."
Audrey/APPARTEMENTS/Marie-Dentière 34 copie.pptx,"Chemin Marie-Dentière 34, 1206 Genève",Champel,Appartement en duplex,,2011 à 2015 (rénové en 2024),14000.0,4588838.0,4820000.0,"Elégant appartement en duplex situé au rez-de-chaussée et rez-inférieur d'un immeuble familial à Champel, avec grand jardin privé, terrasse, trois chambres, suite parentale, cave et box double."
Audrey/APPARTEMENTS/Marie-Dentière 34.pptx,"Chemin Marie-Dentière 34, 1206 Genève",Champel,Appartement en duplex,,"Construction 2011-2015, rénové en 2024",14000.0,4588838.0,4820000.0,"Appartement en duplex au rez-de-chaussée et rez-inférieur, 3 chambres dont une suite parentale, grand salon-salle à manger, cuisine équipée, jardin privé, terrasse, cave et box double, situé à Champel, proche commerces et transports."
Audrey/APPARTEMENTS/Miremont 30_ Panait.pptx,"Avenue de Miremont 30, 1206 Genève",Champel,Appartement,180.0,1971-1980,14000.0,2875000.0,3200000.0,"Bel appartement PPE de 180 m², traversant et lumineux, entièrement rénové, avec deux loggias (12m² et 16m²), cuisine équipée, suite parentale, deux chambres, buanderie, cave et deux places de parking en sous-sol."
Audrey/APPARTEMENTS/Route de La-Capite 141/Route de la Capite 141.pptx,"Route de la Capite 141, 1222 Vésenaz","La Capite, Collonge-Bellerive",Appartement en duplex,466.6,2006,14000.0,6092400.0,,"Appartement en duplex de ~400 m² habitables, issu de la réunion de 4 lots, avec jardin privatif, terrasse, vue lac, grande cave et box triple. Situé au cœur du hameau de La Capite à Vésenaz, proche commerces et transports, mais nécessitant une rénovation complète."
Audrey/MAISONS/Brot 3Bis/Comparables - Brot 3bis.pptx,Chem. Brot 3bis,Cologny,Villa,420.0,,,,,"Villa sise Chemin Brot 3bis, à Cologny, comprenant 420 m2 habitables et 480 m2 utiles, sur une parcelle de 1'391 m2."
Audrey/MAISONS/Brot 3Bis/Estimation Brot 3b.new.pptx,"Chemin Brot 3Bis, 1223 Cologny",Cologny,Villa individuelle,500.0,1960,,,,"Villa individuelle sur trois niveaux (~500 m² habitables), située sur le coteau de Cologny, en bout de chemin sans issue, parcelle arborée avec vue dégagée sur le lac et les montagnes. Bon état général, autorisation de piscine en force, garage pour deux véhicules."
Audrey/MAISONS/Chemin de la Gentille/Estimation Gentille.pptx,"Chemin de la Gentille 17, 1245 Collonge-Bellerive",Collonge-Bellerive,Maison mitoyenne,,1949,,,1850000.0,"Maison mitoyenne sur parcelle agricole de 8654m² avec vue sur le lac, comprenant hall d'entrée, cuisine, salon, deux chambres, salle de bains, studio annexe d'environ 40m², cave, bureau, jardin clos et places de parking. Importants travaux de rénovation à prévoir."
Audrey/MAISONS/Ermitage 35/Estimation Ermitage 35 last.pptx,"Avenue de l'Ermitage 35, 1224 Chêne-Bougeries",Chêne-Bougeries,Maison individuelle classique,,Période avant 1919,2000.0,9200000.0,9600000.0,"Maison individuelle de charme à Chêne-Bougeries, vaste parcelle arborée de 2'909 m², rez avec cuisine, double séjour, salle à manger et véranda; 1er étage avec 4 chambres et terrasse; combles aménagés en suite parentale; sous-sol avec salle de sport, sauna, carnotzet. Travaux de rénovation à prévoir, potentiel d'agrandissement d'environ 200 m²."
Audrey/MAISONS/Ermitage 35/Estimation Ermitage 35.pptx,"Avenue de l’Ermitage 35, 1224 Chêne-Bougeries",Chêne-Bougeries,Maison individuelle,,Période avant 1919,2000.0,9200000.0,9800000.0,"Maison individuelle de charme sur vaste parcelle arborée de 2'909 m², comprenant cuisine, double séjour, salle à manger, véranda, 4 chambres, suite parentale en pignon >100 m², sous-sol aménagé avec salle de sport, sauna et carnotzet. Travaux de rénovation à prévoir, potentiel d’agrandissement d’environ 200 m² supplémentaires."
Audrey/MAISONS/Molan 35 - Gradelle/Chemin du Molan 35.pptx,"Chemin du Môlan 35, 1223 Cologny",Cologny,Maison individuelle,,1986-1990 (rénové 2020-2021),,4750000.0,4850000.0,"Maison individuelle en excellent état sur parcelle plane de 1'020 m², 4 chambres, cuisine équipée, salon avec cheminée, suite parentale avec dressing, cave à vins, salle de sport, garage double et 2-3 places extérieures, jardin paysagé."
Audrey/MAISONS/Mont-Blanc 2/Estimation Mont Blanc 20 Audrey [Enregistré automatiquement].pptx,"Chemin du Mont-Blanc 20, 1224 Chêne-Bougeries",Chêne-Bougeries,Maison individuelle,,"Période avant 1919, rénové en 2011",,5800000.0,5950000.0,"Maison individuelle de charme sur belle parcelle arborée de 1'531 m², avec piscine, pool house de 65 m², plusieurs chambres réparties sur trois étages et sous-sol aménagé, permis d'agrandissement déjà obtenus."
Audrey/MAISONS/Mont-Blanc 2/Estimation Mont Blanc 20 Audrey.pptx,"Chemin du Mont-Blanc 20, 1224 Chêne-Bougeries",Chêne-Bougeries,Maison individuelle,,2011,,5800000.0,5950000.0,"Maison individuelle de charme (construction avant 1919, rénovée en 2011) avec piscine, pool house de 65 m², sur belle parcelle arborée de 1'531 m² à Chêne-Bougeries. Permis d'agrandissement déposés avec préavis positifs."
Audrey/MAISONS/Rippaz 19/Chemin de la Rippaz 19.pptx,"Chemin de la Rippaz 19, 1253 Vandoeuvres",Vandoeuvres,Maison individuelle,,"1986-1990 (rénovée en 2011, piscine 2015)",,10100000.0,10400000.0,"Maison individuelle entièrement rénovée sur parcelle plane de 1'941 m², avec piscine, garage 2 voitures, 5 chambres, grands espaces de vie lumineux, aucun vis-à-vis, excellent état général."
Audrey/MAISONS/Route Suisse 51/Estimation Route Suisse 51 Audrey.pptx,"Route de Suisse 51, 1290 Versoix",Versoix,Château (maison individuelle),,Avant 1919 (rénové 2021-2024),1400.0,10400000.0,11250000.0,"Château à Versoix entièrement rénové, 6 chambres avec 6 salles de bains, spa, salle de billard, cave à vins, garage 4 voitures, vue lac, terrain total d'environ 2'988 m² sur plusieurs parcelles."
Audrey/MAISONS/Route de Troinex 32.pptx,"Route de Troinex 32, 1255 Veyrier",Veyrier,Maison mitoyenne,,2017 (rénové en 2024),,2800000.0,2890000.0,"Maison mitoyenne contemporaine sur parcelle de 620 m², 4 chambres au 1er étage, cuisine ouverte, véranda de 20 m², sous-sol aménagé avec salle de jeux et cour anglaise. Excellent état général, jardin paysager, possibilité de piscine."
Belfin/Av. Jacques Martin 35/Estimation/Estimation_Jacques Martin 35.pptx,"Avenue Jacques-Martin 35, 1224 Chêne-Bougeries",Chêne-Bougeries,Maison moderne,,2010,,7100000.0,7490000.0,"Maison moderne de 2010 sur parcelle de 1'547 m², piscine chauffée, poolhouse, garage 2 voitures, 4 chambres, double hauteur au salon, sous-sol aménagé avec cave à vin et abri atomique transformé."
Belfin/Bossots 3/Estimation Bossots 3 copy.pptx,"Chemin des Bossots 3, Veyrier",Veyrier,Maison individuelle et garage,,Entre 1971 et 1980,,2800000.0,2950000.0,"Maison individuelle avec garage attenant sur parcelle de 1'228 m² à Veyrier, quartier résidentiel calme. Sous-sol, rez-de-chaussée avec salon, cheminée, cuisine rénovée, 1er étage avec 3 chambres et bureau. Travaux de rénovation importants à prévoir, chauffage au mazout."
Belfin/Bossots 3/Estimation Bossots 3.new.pptx,"Chemin des Bossots 3, Veyrier",Veyrier,Maison individuelle et garage,,Entre 1971 et 1980,1800.0,2800000.0,2950000.0,"Maison individuelle avec garage attenant sur parcelle de 1'228 m² à Veyrier, quartier résidentiel calme. Sous-sol, rez avec cuisine rénovée, salon avec cheminée, 1er étage avec 3 chambres et bureau. Travaux de rénovation importants à prévoir."
Belfin/Bossots 3/Estimation Bossots 3.pptx,"Chemin des Bossots 3, Veyrier",Veyrier,Maison individuelle et garage,,Entre 1971 et 1980,1800.0,2800000.0,2950000.0,"Maison individuelle avec garage attenant sur parcelle de 1'228 m² à Veyrier, quartier résidentiel calme. Sous-sol, rez-de-chaussée et 1er étage avec 3 chambres, bureau et salle de bains. Nécessite d'importants travaux de rénovation."
Belfin/Bougeries 31 - Grumbach/Estimation_Attique_Bella_Rocca.pptx,"Chemin des Bougeries 31, 1231 Conches",Conches,Attique,353.0,2016,21300.0,7500000.0,7800000.0,"Exceptionnel attique en duplex de 8 pièces, 353 m² pondérés, avec terrasse sur le toit de 171 m², salle de sport et piscine privative, situé à Conches. Excellent état, prestations haut de gamme, 2 places de parking et une cave de 7 m²."
Belfin/Capite 132 + 134/Estimation - Capite 132 + 134.pptx,"Route de La-Capite 132 & 134, Vandoeuvres",Vandoeuvres,Villa,300.0,,2100.0,,,"Villa sur parcelle de 1'306 m² (n°132) avec bâtiment de 85 m² au sol et garage, jouxtant la parcelle voisine n°134 (1'044 m², 127 m² bâti). Surface combinée 2'350 m², indice de densité constructible 0.30, non protégée, hors périmètre LPRLac, proximité route avec nuisances sonores et vue lac partielle."
Belfin/Champel 58/Estimation Champel 58.pptx,"Avenue de Champel 58, 1206 Genève",Champel,Hôtel Particulier,500.0,1985 (rénové en 2025),18000.0,8025200.0,8500000.0,"Hôtel particulier des années 80 entièrement rénové en 2025, sur plusieurs niveaux avec ascenseur, terrasse, toit-terrasse, box pour 2 voitures + box loué pour 3 voitures, accès piscine et fitness communs, situé dans le quartier prisé de Champel."
Belfin/Champel 60/Estimation - Champel 60.pptx,"Avenue de Champel 60, 1206 Genève",Champel,Appartement (Triplex),,1985,15750.0,6970875.0,7500000.0,"Triplex de standing à Champel avec 5 chambres, 3 salles de bains, cuisine et parquet rénovés, jardin, terrasse, 3 places de parking et chauffage à distance. Travaux de rafraîchissement à prévoir (fenêtres, revêtements)."
Belfin/Chasselas 29/Estimation Chasselas 29.pptx,"Chemin du Chasselas 29, 1246 Corsier",Corsier,Villa individuelle,,2010,,9000000.0,9900000.0,"Villa contemporaine à Corsier avec vue lac et Alpes, piscine chauffée, sous-sol aménagé, standards Minergie, bon état général, quartier résidentiel calme."
Belfin/Chèvres 10/Estimation/Estimation Chevres 10_Belfin.pptx,"Chemin des Chèvres 10, 1292 Chambésy",Pregny-Chambésy,Maison individuelle,,De 1961 à 1970,,4900000.0,5200000.0,"Maison individuelle sur grande parcelle avec piscine, jardin paysager, vue lac et montagnes, proche des ambassades; nécessite rénovation et mise aux normes énergétiques."
Belfin/Clos-du-Velours 11/Estimation Clos du Velours.pptx,"Chem. du Clos-du-Velours 11, 1224 Chêne Bougeries",Chêne Bougeries,Villa Individuelle,,1960,,10500000.0,11750000.0,"Villa individuelle sur une parcelle de 2'685 m² (plus 1/6 de la parcelle voisine), construite en 1957 et rénovée en 1999. Comprend un grand hall d'entrée, salon, salle à manger, cuisine fermée, suite parentale avec dressing et bureau, chambres d'enfants, garage extérieur de 50 m² et piscine construite en 2007."
Belfin/Ecorcherie 33/Estimation Ecorcherie 33 .pptx,"Chemin de l'Ecorcherie 33, 1253 Vandoeuvres",Vandoeuvres,Villa individuelle,244.0,1996-2000 (rénovation 2013-présent),,,,"Maison d'architecte soignée avec patio central, piscine rénovée, poolhouse, garage intérieur 4 places, sous-sol aménagé (salle de sport, cave à vin). Terrain 1200 m² proche du Golf de Cologny, droits à bâtir restants pour un étage supplémentaire."
Belfin/Ecorcherie 33/Estimation Ecorcherie 33.pptx,"Chemin de l'Ecorcherie 33, 1253 Vandoeuvres",Vandoeuvres,Villa individuelle,,1996-2000,,10917500.0,,"Villa d'architecte soignée avec patio central, piscine rénovée, terrasses en réfection, sous-sol aménagé (chambre d'amis, salle de sport, cave à vin), garage intérieur 4 véhicules, sur parcelle de 1'200 m², proche du Golf de Cologny."
Belfin/Ecorcherie 33/Estimation Ecorcherie 33_Belfin.pptx,"Chemin de l'Ecorcherie 33, 1253 Vandoeuvres",Vandoeuvres,Villa individuelle,244.0,1996-2000,,,,"Villa d'architecte contemporaine, parfaitement entretenue, avec patio central, piscine récemment rénovée, poolhouse, garage intérieur 4 places, sur parcelle de 1'200 m² proche du Golf de Cologny."
Belfin/Ermitage 47/Estimation Ermitage 47.pptx,"Av. de l'Ermitage 47, Chêne-Bougeries 1224, Genève",Chêne-Bougeries,Maison,928.0,1921 (rénovation 2013),2700.0,18000000.0,23500000.0,"Maison de Maître en parfait état avec piscine intérieure, climatisation, six chambres en suite, jardin paysager arboré, sans vis-à-vis, garage pour deux véhicules et studio pour le personnel."
Belfin/Florissant 50/Estimation Florissant 50.pptx,"Route de Florissant 50, Genève",Champel,Appartement,,1981-1985 (rénové en 2018),16750.0,3255363.0,3490000.0,"Appartement de 4 chambres avec balcon donnant sur le parc Bertrand, entièrement rénové en 2019, situé au 1er étage d'un immeuble des années 1980 dans le quartier résidentiel de Champel, proche commerces, écoles et transports."
Belfin/Gradelle 16/Gradelle 16.pptx,"Chemin de la Gradelle 16, 1224 Chêne-Bougeries",Chêne-Bougeries,Appartement,,1961 - 1970,12300.0,1329200.0,1410000.0,"Appartement traversant au 7ème étage, cuisine ouverte sur salon, loggia fermée intégrée en salle à manger, balcon d'env. 6m², box de parking et cave, résidence avec piscines intérieure et extérieure et jardin de copropriété."
Belfin/Gradelle 29/Estimation-Gradelle-29.pptx,"Chem. De la Gradelle 29, 1223 Genève",Cologny,Townhouse,,1989,13000.0,3085420.0,3390000.0,"Townhouse sur plusieurs niveaux avec parking privé pour deux voitures, jardin privatif et terrasse, 4 chambres réparties sur trois étages, nécessitant une rénovation de mise au goût du jour (cuisine, salle de bains, chauffage, fenêtres)."
Belfin/Grange Canal 40/Estimation Grange Canal 40 .pptx,"Chemin de Grange Canal 40, 1224 Chêne Bougeries",Chêne-Bougeries,Appartement,,2011-2015,15500.0,3414000.0,3700000.0,"Appartement contemporain au 1er étage d'une résidence récente avec parc privé arboré, 4 chambres, cuisine Miele équipée, salon-salle à manger avec balcon, suite parentale, 2 places de parking et une cave, sans travaux à prévoir, concierge résident."
Belfin/Grange Canal 40/Estimation Grange Canal 40_BL.pptx,"Chemin de Grange Canal 40, 1224 Chêne Bougeries",Chêne-Bougeries,Appartement,,2011-2015,15500.0,3162000.0,3600000.0,"Appartement contemporain de 4 chambres au 1er étage d'une résidence récente avec concierge, situé dans un parc privé arboré, sans vis-à-vis, avec balcon, deux places de parking et une cave. Bon état général, aucun travaux à prévoir."
Belfin/Grange Canal 40 Ebanks/Estimation Grange Canal 40_BL_Ebanks.pptx,"Chemin de Grange Canal 40, 1224 Chêne Bougeries",Chêne-Bougeries,Appartement,,2011-2015,16000.0,4220000.0,4490000.0,"Appartement contemporain au 1er étage d'une résidence récente au sein d'un parc privé arboré, calme, proche du centre-ville. 4 chambres, 2 salles de douche, suite parentale avec dressing, balcon et jardin d'hiver. Rénové en 2024, excellent état, 2 places de parking et une cave, concierge résident."
Belfin/Grange Falquet 30/Estimation Grange Falquet 30.pptx,"Chemin de Grange Falquet 30, 1224 Chêne Bougeries",Chêne Bougeries,Maison jumelée mitoyenne,,2021,,5500000.0,5800000.0,"Maison jumelée mitoyenne construite en 2021, 5 chambres, sous-sol avec chambre et parking couvert 2 voitures, rez avec cuisine ouverte, salon, salle à manger, jardin plat, piscine avec pool house, excellent état général, à Chêne-Bougeries."
Belfin/Gustave Ador 62/Estimation-Appartement-Quai-Gustave-Ador-62-DEF.pptx,"Quai Gustave-Ador 62, 1207 Genève",Eaux-Vives,Appartement Duplex (Attique),,1953 (rénové 1994),21000.0,10009530.0,10500000.0,"Duplex d'exception aux Eaux-Vives, quai Gustave-Ador, vue lac et parc, terrasses, suite parentale, cuisine professionnelle, studio indépendant, 2 places de parking. Immeuble classé, travaux de rafraîchissement à prévoir."
Belfin/Gustave Ador 62/Estimation-Appartement-Quai-Gustave-Ador-62_Belfin.pptx,"Quai Gustave-Ador 62, 1207 Genève",Eaux-Vives,Appartement Duplex/Attique,,1953 (rénové 1994),20000.0,9538600.0,10500000.0,"Duplex d'exception aux Eaux-Vives, quai Gustave-Ador, vue lac et parc, terrasses, suite parentale, cuisine professionnelle, studio indépendant au rez, 2 places de parking, travaux de rafraîchissement à prévoir."
Belfin/Hauts-Crêts 50/Estimation/Estimation-Ch.Hauts-Crêts 50..pptx,"Chemin des Hauts-Crêts 50, Cologny",Cologny,Appartement (duplex),,1981-1985,19500.0,17415900.0,19500000.0,"Appartement en duplex réparti sur 4 niveaux, orienté plein sud, dans résidence prestigieuse à Cologny avec tennis et espace détente. Comprend sous-sol (buanderie, cave, parking 2 places), rez avec séjour/salle à manger et terrasse, 1er étage avec suite parentale et 2 chambres, 3e terrasse au 2e étage."
Belfin/Hauts-Crêts 50/Estimation-Ch.Hauts-Crêts 50_Belfin.pptx,Chemin des Hauts-Crêts 50,Cologny,Appartement,251.6,1981-1985 (rénové en 2014),14750.0,4329563.0,4490000.0,"Appartement de 7 pièces situé dans la résidence des Martelles à Cologny, avec parc privatif de 2 hectares, piscine, tennis et club-house. Aménagé sur plusieurs niveaux avec trois terrasses, deux places de parking, bon état général mais nécessitant des travaux de rafraîchissement."
Belfin/Krieg 42/Estimation - KRIEG 42 (LC).pptx,"Avenue Krieg 42, 1208 Genève",Florissant (entre Champel et les Eaux-Vives),Appartement (duplex en attique),293.0,1981-1985,12500.0,3662000.0,3950000.0,"Duplex en attique au 6e étage sur deux niveaux, niveau principal ~129 m² (4 chambres, 2 balcons 18 m²), niveau supérieur ~139 m² (cuisine, séjour, 2 terrasses 32 m², plafonds mansardés). Non rénové depuis ~40 ans, rénovation intégrale à prévoir."
Belfin/Krieg 42/Estimation - KRIEG 42.pptx,"Avenue Krieg 42, 1208 Genève","Florissant, entre Champel et les Eaux-Vives",Appartement (duplex en attique),293.0,1981-1985,12500.0,3662000.0,3950000.0,"Duplex en attique au 6e étage, niveau principal ~129 m² (5 pièces, 4 chambres) avec 2 balcons (18 m²), étage supérieur mansardé ~139 m² (3,5 pièces) avec 2 terrasses (32 m²). Non rénové depuis ~40 ans, rénovation complète à prévoir."
Belfin/L70/Estimation Louvière 70.pptx,"Route de la Louvière 70, 1243 Presinge",Presinge,Maison individuelle,326.0,20e siècle,,,,"Maison individuelle sur parcelle triangulaire en zone agricole désassujettie, avec sous-sol, rez-de-chaussée en enfilade, 1er étage avec suite parentale, garage extérieur en cours de transformation en studio, 150 m² de droits à bâtir restants, chauffage au mazout."
Belfin/Leonard Sismondi 2/ Estimation Leonard Sismondi 2_Belfin.pptx,"Avenue Leonard Sismondi 2, 1224 Chêne Bougeries",Chêne-Bougeries,Appartement,227.6,2019,18000.0,4096800.0,4500000.0,"Appartement haut de gamme au positionnement premium sur le marché résidentiel de Chêne-Bougeries, construit en 2019."
Belfin/Malagnou 40D/Estimation Malagnou 40D.pptx,Route de Malagnou 40D,Malagnou/Florissant,Appartement traversant,,Période de 1961 - 1970,14500.0,1742175.0,1850000.0,"Appartement traversant au 3e étage, orientation nord-sud, séjour avec cheminée et accès balcon, cuisine équipée, deux chambres avec salle de douche privative, accès à un second balcon. Immeuble avec piscines sur le toit, vue panoramique sur la ville, le lac et le Jet d'eau. Fenêtres et stores à remplacer, salles de bains et cuisine à rénover."
Belfin/Malagnou 40E/Estimation Malagnou 40E - Belfin.pptx,"Route de Malagnou 40E, 1208 Genève",Malagnou/Florissant,Appartement,,1961-1970 (rénové en 1985),13800.0,1912950.0,2130000.0,"Appartement spacieux avec hall d'entrée, cuisine fermée équipée, salon-salle à manger lumineux avec balcon, une grande chambre avec deux salles de bains. Immeuble avec piscines et terrasse sur le toit. Rénovation à prévoir."
Belfin/Marclay 22/Estimation_Marclay_22.pptx,"Chemin de Marclay 22, Pressy",Pressy,Maison Individuelle,320.0,2004,,11500000.0,12900000.0,"Maison individuelle contemporaine de 320 m² habitables sur un terrain de 6'341 m² en zone agricole, avec sous-sol aménagé, rez-de-chaussée et étage, garage de 23 m², rénovée en 2010 pour environ 2 millions de CHF, vue dégagée sur la montagne, proche du golf."
Belfin/Michel Chauvet 15/Estimation Michel Chuavet 15.pptx,"Rue Michel-Chauvet 15, 1208 Champel",Malagnou/Florissant,Appartement,,"Construction entre 1946 et 1960, rénové en 2005",11000.0,1206400.0,1500000.0,"Appartement situé au rez-de-chaussée d'un immeuble de charme, en forme de U, avec salon et salle à manger lumineux, cuisine aménagée, chambres en suite, bureau et salon de lecture. Un espace en rez inférieur, actuellement cave, bénéficie d'un permis de construire pour créer des chambres supplémentaires. Travaux de façade et de mise en conformité à prévoir."
Belfin/Michel Chauvet 15/Estimation Michel Chuavet 15_Belfin.pptx,"Rue Michel-Chauvet 15, 1208 Champel, Genève",Malagnou/Florissant,Appartement,,"Entre 1946 et 1960, rénové en 2005",13500.0,1855750.0,1990000.0,"Appartement dans immeuble moderniste des années 50, quartier Florissant/Malagnou, avec parties communes spacieuses, cuisine équipée, chambre parentale avec salle de bains, terrasse sur le toit avec piscine et vue sur Genève, cave et place de parking. Travaux de rénovation prévus."
Belfin/Morin 10C/Estimation - Morin 10C - Belfin.pptx,"Chemin de Morin 10C, 1253 Vandoeuvres",Vandoeuvres,Maison,,2023,3000.0,,,"Maison moderne de standing à Vandoeuvres, proche du Golf Club de Genève, clé en main, 5 chambres, sous-sol avec patio, garage double, terrasse et jardin, THPE."
Belfin/Môlan 16A/Estimation/Estimation-Môlan 16A.pptx,"Chemin du Môlan 16A, Genève",Cologny,Duplex,,,,17415900.0,19500000.0,"Duplex occupant les 1er et 2e étages d'un immeuble moderne à Cologny, comprenant un grand séjour climatisé ouvrant sur une vaste terrasse, cuisine ouverte équipée, buanderie, WC visiteurs, trois chambres dont une suite parentale avec dressing et salle de bain, deux places de parking et une cave. Travaux de façade et structurels à prévoir au rez inférieur."
Belfin/Môlan 16A/Estimation/Estimation-Môlan 16A_Belfin.pptx,"Chemin du Môlan 16A, Genève",Cologny,Duplex,,2016,,3575000.0,3800000.0,"Duplex occupant les 1er et 2e étages d'un immeuble récent (2016), accès ascenseur, grand séjour avec terrasse, cuisine équipée, buanderie, WC visiteurs, 3 chambres dont suite parentale avec dressing et salle de bain, 2 places de parking et cave, bon état."
Belfin/Planta 49/Estimation Planta 49.pptx,"Chem. de la Planta 49, 1223 Cologny",Cologny,Appartement,180.0,"1981-1985, rénové en 2020",14500.0,2762250.0,2955000.0,"Appartement de 180 m² issu de la réunion de deux appartements, situé dans une résidence des années 1980 au sein d'un parc de 5 hectares à Cologny. Rénové en 2020, avec terrasse, balcon privatif, trois chambres, deux salles d'eau, deux caves et deux places de parking."
Belfin/Planta 49/Présentation1 [Enregistré automatiquement] [Enregistré automatiquement].pptx,"Chem. de la Planta 49, 1223 Cologny",Cologny,Appartement,180.0,1981-1985 (rénové en 2020),14500.0,2827500.0,19500000.0,"Appartement issu de la réunion de deux logements, situé dans une résidence avec parc de 5 hectares à Cologny. Rénové en 2020, grande hauteur sous plafond, 3 chambres, terrasse et balcons, ascenseur, sans vis-à-vis."
Belfin/Planta 49/Présentation1 [Enregistré automatiquement].pptx,"Chem. de la Planta 49, 1223 Cologny",Cologny,Appartement,180.0,1981-1985 (rénové en 2020),,17415900.0,19500000.0,"Appartement issu de la réunion de deux logements (rez supérieur et rez inférieur) dans une résidence des années 1980 entourée d'un parc d'environ 51'000 m² à Cologny. Rénové en 2020, avec grande hauteur sous plafond, toiture mansardée, terrasse, balcon privatif, trois chambres, climatisation et ascenseur desservant tous les étages."
Belfin/Princes 33C/Estimation Princes 33C_Belfin final.pptx,Chemin des Princes 33C,Choulex,Townhouse,,2021,,4800000.0,5200000.0,"Townhouse récente (2021) au standard Minergie, avec jardin, patio, vue sur le lac, cuisine ouverte, 3 chambres dont une parentale avec dressing, sous-sol aménagé avec SPA et parking pour deux véhicules."
Belfin/Princes 33C/Old/Estimation Princes 33C [Enregistré automatiquement].pptx,Chemin des Princes 33C,Choulex,Townhouse,,2021,,4800000.0,5100000.0,"Townhouse Minergie clé en main avec finitions haut de gamme, vue lac, jardin et patio paysager, 3 chambres, sous-sol avec spa et parking pour 2 véhicules, construite en 2021 à Choulex."
Belfin/Princes 33C/Old/Estimation Princes 33C.pptx,"Chemin des Princes 33C, Genève",Choulex,Townhouse,,2021,,4800000.0,5100000.0,"Villa contemporaine de standing (label Minergie), avec sous-sol aménagé, jardin et patio paysager, vue lac, 3 chambres, parking souterrain pour deux véhicules, finitions haut de gamme, clé en main."
Belfin/Ruth 116/Estimation Ruth 116.pptx,"Chemin de Ruth 116, 1223 Cologny",Cologny,Villa individuelle,330.0,1991-1995 (rénovée en 2009),,15000000.0,17000000.0,"Maison individuelle de standing, 330 m² habitables sur parcelle de 1'800 m², 8 pièces, 5 salles de bains, piscine, vue dégagée, 30 m² de balcons, 4 places de stationnement, très bon état."
Belfin/Ruth 116/Estimation Ruth 116_belfin [Enregistré automatiquement].pptx,"Chemin de Ruth 116, 1223 Cologny",Cologny,Villa individuelle,330.0,1992 (rénovée en 2009),,,,"Maison individuelle de standing, 330 m² habitables sur parcelle de 1'800 m², 8 pièces, 5 salles de bains, piscine, vue dégagée, 30 m² de balcons, 4 places de stationnement, très bon état, occupée par le propriétaire."
Belfin/Ruth 116/Estimation Ruth 116_belfin.pptx,"Chemin de Ruth 116, 1223 Cologny",Cologny,Villa individuelle,330.0,1992 (rénové 2009),,,,"Maison individuelle de standing, 330 m² habitables sur parcelle de 1'800 m², 8 pièces, 5 salles de bains, piscine, vue dégagée, 30 m² de balcons, 4 places de stationnement, très bon état, occupée par le propriétaire."
Belfin/Saladin 7A/Estimation Saladin 7A_belfin.pptx,"Chemin Saladin 7A, Genève",Chêne-Bougeries,Maison mitoyenne,,2017,2200.0,2600000.0,2800000.0,"Maison mitoyenne en pignon, rénovée avec matériaux soignés, 4 chambres, suite parentale avec dressing et balcon, jardin, sous-sol aménagé, 2 places de parking en enfilade, proche écoles internationales, clé en main, aucun travaux à prévoir."
Belfin/Saladin 7A/Estimation Saladin 7A_final.pptx,Chemin Saladin 7A,Chêne-Bougeries,Maison mitoyenne,,2017,2100.0,,,"Maison mitoyenne en pignon, rénovée avec matériaux soignés, jardin, 4 chambres, suite parentale avec dressing, sous-sol aménagé, 2 places de parking en enfilade, proche écoles internationales, quartier calme et verdoyant à Chêne-Bougeries."
Belfin/Souvairan 2/Estimation Souvairan 2.pptx,"Chemin Souvairan 2, 1224 Chêne Bougeries",Chêne-Bougeries,Villa,480.0,1971-1980 (rénovée en 2009),,10300000.0,11500000.0,"Villa de trois étages de 160 m² chacun sur parcelle de 2'600 m², entièrement rénovée en 2009 (toit, fenêtres, chauffage). Jardin aménagé, piscine (2014) avec pool house, garage deux voitures, réserve de droits à bâtir d'environ 200 m². Bon état d'entretien, style datant de la rénovation."
Belfin/Thonon 63/Estimation Thonon 63 - 20k.pptx,"Route de Thonon 63, 1222 Vésenaz","Vésenaz, Collonge-Bellerive",Attique,210.0,2006-2010,20000.0,5160000.0,5450000.0,"Attique d'environ 210 m² avec terrasse d'environ 120 m², vue dégagée sur le lac, salon avec salle à manger, cuisine ouverte, 3 chambres, deux caves et triple box fermé, situé au centre de Vésenaz dans un immeuble mixte bureaux/attiques."
Belfin/Thonon 63/Estimation Thonon 63.pptx,"Route de Thonon 63, 1222 Vésenaz","Vésenaz, Collonge-Bellerive",Attique,210.0,2006-2010,18500.0,4790000.0,5100000.0,"Attique d'environ 210 m² avec terrasse d'environ 120 m², vue dégagée sur le lac, situé au centre de Vésenaz dans un immeuble mixte bureaux/attiques. Salon, salle à manger, cuisine ouverte, 3 chambres. Deux caves et triple box en sous-sol. Excellent état d'entretien, décoration datant de 2012."
Belfin/Tulette 3C - 4eme/Estimation Tulette 3C - Deris copy.pptx,"Chemin de la Tulette 3C, 1223 Cologny",Cologny,Appartement,162.4,2014,16000.0,2677694.0,2900000.0,"Appartement de 4e étage dans immeuble contemporain (2014) au sein d'un parc arboré à Cologny. Hall spacieux, salon lumineux avec grande terrasse couverte, cuisine ouverte haut de gamme, salle à manger séparée, deux chambres avec salles de douche, dressing sur-mesure, cave et place de parking."
Belfin/Tulette 3C - 4eme/Estimation Tulette 3C - Deris.pptx,"Chemin de la Tulette 3C, 1223 Cologny",Cologny,Appartement,162.4,2014,16000.0,2677694.0,2950000.0,"Appartement au 4e étage d'un immeuble contemporain de 2014, hall spacieux, salon lumineux avec grande terrasse couverte vue verdure, cuisine ouverte haut de gamme, salle à manger, deux chambres avec salle de douche, chambre principale avec dressing et salle de bains, cave et place de parking."
Juliette/Estimation Gotettes 39 - VIDA - Triplex 1.02-2.02-3.02/Estimation GOtettes 39 - VIDA - Triplex.pptx,"Chemin des Gotettes 39, Collonge-Bellerive",Vésenaz,Triplex avec jardin,251.1,2020,15000.0,3766500.0,3850000.0,"Triplex de prestige de 5 chambres avec jardin privatif de 56 m², terrasse de 18 m², au sein de la résidence VIDA (2020, THPE) avec piscine, fitness et local vélos. Cuisine Miele, domotique, alarme, 2 places de parking. Vue lac et sur champs, exposition plein sud."
Juliette/Estimation Gotettes 39 - VIDA - Triplex 1.02-2.02-3.02/VIDA - Triplex.pptx,"Chemin des Gotettes 39, Collonge-Bellerive","Vésenaz, Collonge-Bellerive",Triplex avec jardin,,2020,,17415900.0,19500000.0,"Triplex de prestige dans la résidence VIDA (2020, THPE), avec piscine, fitness, jardin privatif de 56 m², terrasse 18 m², 5 chambres, vue lac, 2 places de parking, clé en main sans travaux à prévoir."
Juliette/Estimation Marc Doret 10/Estimation Marc Doret 8-10 copie.pptx,"Av. Marc Doret 10, 1224 Chêne-Bougeries",Chêne-Bougeries,Appartement,72.0,2020,19800.0,2024150.0,2150000.0,"Appartement rez-de-jardin de 72 m² en résidence de haut standing (10 lots), avec jardin privatif de 90,5 m², terrasse de 25,5 m², piscine, fitness, matériaux et agencements sur mesure, chauffage au sol par géothermie, une place de parking en box partagé."
Juliette/Estimation Marc Doret 10/Estimation Marc Doret 8-10.pptx,"Av. Marc Doret 10, 1224 Chêne-Bougeries",Chêne-Bougeries,Appartement,72.0,2020,20000.0,1956000.0,2150000.0,"Appartement en rez-de-jardin de 72 m² dans une résidence contemporaine de haut standing, avec jardin privatif de 90.5 m², terrasse de 25.5 m², piscine, fitness, matériaux et finitions haut de gamme, place de parking en box partagé, exposition nord."
Leonard/Champel 60/Estimation - Champel 60.pptx,"Avenue de Champel 60, 1206 Genève",Champel,Appartement (Triplex),,1985,18000.0,8937000.0,9500000.0,"Triplex de standing à Champel avec ascenseur, jardin, terrasse, 5 chambres, 3 salles de bains, cuisine et parquet neufs, cave à vin, buanderie et 3 places de parking. Rénovations récentes, chauffage à distance. Fenêtres et finitions à rafraîchir."
Leonard/Chevillarde 10A/Estimation Chevillarde 10A copie.pptx,"Chemin de la Chevillarde 10A, Genève","Grande-Boissière, Eaux-Vives",Appartements (PPE),214.0,"Construction 1996-2000, rénové 2018-2019",,17415900.0,19500000.0,"Deux appartements traversants dans un immeuble avec ascenseur, garage à vélos et parking visiteurs, entièrement rénovés en 2018-2019. Appartement de 4 pièces (101 m²) au 2e étage et appartement de 5 pièces (113 m²) au 1er étage, chacun avec balcon, cuisine ouverte équipée, cave et place de parking en sous-sol."
Leonard/Chevillarde 10A/Estimation Chevillarde 10A.pptx,Chemin de la Chevillarde 10A,"Grande-Boissière, Eaux-Vives",Appartements (PPE),214.0,1996-2000 (rénové 2018-2019),14000.0,3066000.0,3300000.0,"Deux appartements en PPE (4 pièces 101m² au 2e étage et 5 pièces 113m² au 1er étage) dans un immeuble avec ascenseur, chemin de la Chevillarde 10A, quartier Grande-Boissière. Rénovés en 2018-2019, traversants, avec cave et place de parking chacun."
Leonard/Courbes 80/Estimation Courbes 80.pptx,"Chem. des Courbes 80, 1247 Anières",Anières,Maison,,2025,,35000000.0,55000000.0,"Villa neuve (2025) pieds dans l'eau à Anières, parcelle de 4'370 m², piscine, pool house, lake house, ascenseur, espace bien-être, cinéma privé, nombreuses suites et garage 3 places."
Leonard/Estimation Tannay.pptx,"Chemin de la fin dessus 1b, 1295 Tannay",Tannay (Terre Sainte),Maison mitoyenne (villa jumelle),,2021,,5000000.0,5500000.0,"Villa jumelle sur parcelle de 814 m², résidence 'Les Pléïades', exposition Sud-Ouest, sous-sol avec pièce polyvalente et cave à vin, suite parentale au 1er étage, combles avec 3 chambres, garage et pool house, norme THPE, domotique, aucun travaux à prévoir."
Leonard/Fossard 48A/Estimation Fossard 48A Audrey.pptx,"Chemin de Fossard 48A, 1224 Chêne-Bougeries",Chêne-Bougeries,Maison jumelée,,1996-2000 (rénovation 2002),,11650000.0,11900000.0,"Maison jumelée sur deux parcelles (2264 m² et 2140 m²) à Chêne-Bougeries, comprenant sous-sol aménagé (WC, salle de gym, bureau, buanderie, cave à vin, 2 chambres), rez-de-chaussée (cuisine, salle à manger, salon, bureau, chambre), 1er étage (3 chambres), 2ème étage (2 chambres, family room), ascenseur, chauffage au sol, potentiel garage 4-8 places."
Leonard/Fossard 48A/Estimation Fossard 48A.pptx,"Chemin de Fossard 48A, 1224 Chêne-Bougeries",Chêne-Bougeries,maison jumelée,,1996-2000 (rénové 2002),,6983333.0,7192833.0,"Maison jumelée sur parcelle de 2'264 m2, comprenant sous-sol (WC, salle de gym, bureau, local technique, buanderie, cave à vin, 2 chambres avec salle de bain), rez-de-chaussée (cuisine, salle à manger, salon avec cheminée, WC visiteurs, chambre avec salle de bains, bureau), 1er étage (3 chambres avec salles de bains dont suite parentale) et 2e étage (2 chambres avec salles de bains et family room). Ascenseur, chauffage au gaz et au sol, potentiel garage 4-8 places."
Leonard/François Bellot 14/Estimation - François Bellot 14.pptx,"Rue François-Bellot 14, 1206 Genève",Champel,Hôtel Particulier,500.0,,33550.0,18008550.0,19500000.0,"Hôtel particulier de prestige à Genève, terrain de 4'600 m² avec piscine et pool house, vue sur le Mont-Blanc, environ 500 m² habitables plus 200 m² de sous-sol, 6 chambres, 3 places de parking, proche du Parc Bertrand."
Leonard/Les Pleiades/Estimation Tannay.pptx,"Chemin de la Fin Dessus 1b, 1295 Tannay",Tannay,Maison mitoyenne (villa jumelle),,2021,,5000000.0,5500000.0,"Villa jumelle livrée en 2021, parcelle de 814 m², sous-sol avec pièce polyvalente, buanderie et caves, rez avec cuisine ouverte et salle à manger, 1er étage avec suite parentale, combles avec 3 chambres et salon, garage double de 38 m² et pool house de 19 m², norme THPE."
Leonard/Les Pleiades/Présentation2.pptx,Route de la Louvière 70,Presinge,Maison individuelle,320.0,20e siècle,80.0,,,"Maison individuelle sur parcelle agricole de 4'600 m², piscine et pool house, vue Mont-Blanc, 4 chambres au rez, master 50m² à l'étage, sous-sol aménagé (salle de gym, salle de jeux), ascenseur, panneaux solaires."
Leonard/Nant d'Argent 12/Archives/Estimation Nant d'Argent 12.pptx,"Chemin du Nant d'Argent 12, 1223 Cologny, Genève",Cologny,Villa Individuelle,,2008,,10917500.0,11500000.0,"Villa individuelle sur parcelle de 3'535 m² à Cologny, avec vue exceptionnelle sur le lac, piscine intérieure et extérieure, spa, salle de cinéma, salle de sport, hammam, ascenseur, géothermie et architecture intérieure signée Liaigre."
Leonard/Paumière 33/Paumière 33.pptx,"Chemin de la Paumière 33, Chêne-Bougeries",Chêne-Bougeries,Villa individuelle,,Début années 2000,,18000000.0,21000000.0,"Villa individuelle sur parcelle de 2'968 m², sous-sol avec cave à vin et abri PC, rez avec salons, bureau et cuisine, 1er étage avec 3 chambres dont suite parentale, combles avec salle de gym et 2 chambres, piscine 4x20m, garages, studio indépendant. Excellent état, aucun travaux majeurs."
Leonard/Pré-du-Couvent 2C/Estimation Pré du Couvent 2C.pptx,"Chemin du Pré-du-Couvent 2C, 1224 Chêne-Bougeries",Chêne-Bougeries (secteur Gradelle),Appartement,231.0,2016-2020,16500.0,4158000.0,4690000.0,"Appartement de 231 m² au 4ème étage, orientation sud-ouest en angle, triple exposition, séjour/salle à manger ouverts, grande terrasse de 52 m², suite parentale, 3 autres chambres, box fermé, parking couvert, cave. Immeuble récent avec ascenseur, aucun travaux à prévoir."
Rachel/Estimations/Appartement/Aldolphe Pasteur 14 - grand - to do/Estimation Adolphe Pasteur 14.NEW.pptx,"Ch. Dr. Adolphe-Pasteur 14, Genève",Petit Saconnex,Appartement,,2001,13500.0,2469852.0,1750000.0,"Attique lumineux au dernier étage, double salon, salle à manger, cuisine équipée, 4 chambres, plusieurs salles de bains/douche, balcon filant, 2 places de parking et cave. Bon état, cuisine et SDB à rénover."
Rachel/Estimations/Appartement/Aldolphe Pasteur 14 - petit/Estimation Adolphe Pasteur 14.pptx,Ch. Dr. Adolphe-Pasteur 14,Petit Saconnex,Appartement,,2001,12000.0,1404000.0,1600000.0,"Appartement de prestige au rez-de-chaussée, entrée par une cour intérieure, salon et salle à manger lumineux, vue sur la Place de Neuve, terrasse et jardin arboré, permis de construire en vigueur pour aménager le rez inférieur en chambres supplémentaires."
Rachel/Estimations/Appartement/Av. de Champel 64/Estimation-AV. de Champel 64 - à jour.pptx,"Avenue de Champel 64, Champel 1206 Genève",Champel,Hôtel Particulier,500.0,1985,14000.0,6259728.0,6500000.0,"Hôtel particulier de 1985 à Champel, env. 500 m² habitables, usage mixte résidentiel/bureaux, 3 chambres, suite parentale sous combles, toit-terrasse, 5 places de parking, accès à piscine, sauna et fitness dans l'immeuble voisin. Travaux de rénovation à prévoir."
Rachel/Estimations/Appartement/Av. de Champel 64/Estimation-AV. de Champel 64 - old.pptx,"Avenue de Champel 64, Champel 1206 Genève",Champel,Hôtel Particulier,500.0,1985,19500.0,17415900.0,19500000.0,"Hôtel particulier à Champel construit en 1985, environ 500 m² habitables, usage mixte résidentiel/professionnel, 3 chambres extensibles, 5 places de parking (3 couvertes, 2 extérieures), chauffage au mazout, accès par servitude à piscine intérieure, sauna et fitness dans l'immeuble voisin."
Rachel/Estimations/Appartement/Avenue William-Favre 36/Estimation-Avenue William-Favre 36-3.pptx,"Avenue Alice et William-Favre 36, 1207 Eaux-Vives",Eaux-Vives,Appartement,,1946,20000.0,3847500.0,3400000.0,"Appartement d'attique au 7e et dernier étage avec vue imprenable sur le lac, toit-terrasse, séjour, salle à manger, 4 chambres, bureau/dressing, deux caves et un box fermé ; nécessite une rénovation complète."
Rachel/Estimations/Appartement/Eugène-Pittard 13/Estimation/Estimation Eugène Pittard 13.2024..pptx,"Avenue Eugène Pittard 13, 1206 Genève",Florissant,Appartement,,De 1961 à 1970,12500.0,3064375.0,3350000.0,"Appartement de 5e étage, lumineux, avec double salon, trois chambres, chambre de service, dressing, deux salles de bain, balcon fermé et loggia. Immeuble sécurisé avec places de parking visiteurs. Comprend une grande cave et une place de parking fermée avec prise pour voiture électrique. Travaux de rénovation à prévoir (cuisine, salles de bain, peinture, électricité)."
Rachel/Estimations/Appartement/Eugène-Pittard 13/Estimation/Estimation Eugène Pittard 13.2024.pptx,"Avenue Eugène Pittard 13, 1206 Genève",Florissant (Genève-Eaux-Vives),Appartement,,De 1961 à 1970,13000.0,3173050.0,3450000.0,"Appartement de 3 chambres au 5e étage d'un immeuble sécurisé, lumineux, avec double salon, chambre de service, cave et parking fermé avec recharge électrique. Travaux de rénovation à prévoir (cuisine, salles de bain, peinture, électricité)."
Rachel/Estimations/Appartement/Granges 6/Estimation/Estimation Granges 6. 2024.pptx,"Rue des Granges 6, 1204 Genève",Vieille Ville / Genève-Cité,Appartement,,"Construction 1919-1945, rénové entre 2005 et 2010",30000.0,17415900.0,19500000.0,"Appartement de prestige en rez-de-chaussée d'un immeuble de charme en Vieille Ville, avec entrée par cour intérieure, vue sur la Place de Neuve, terrasse sur jardin arboré, rez inférieur non aménagé avec permis de construire pour extension, loué jusqu'en 2026."
Rachel/Estimations/Appartement/Malagnou 30/Estimation Malagnou 30 (Copie en conflit de Staff Leonard Properties 2025-06-16).pptx,"Route de Malagnou 30, Genève",Malagnou / Florissant,Appartement,,2003 (rénové en 2013),23000.0,7916272.0,8600000.0,"Appartement de standing avec grand hall d'entrée, quatre chambres avec salles de bains, grand salon, salon TV, salle à manger, cuisine, deux balcons (41 m² et 7 m²), cave à vins de 7 m², cave de 15 m² et box double fermé équipé pour véhicules électriques."
Rachel/Estimations/Appartement/Malagnou 30/Estimation Malagnou 30.pptx,"Route de Malagnou 30, Genève",Champel,Appartement,,2003,23000.0,17415900.0,19500000.0,"Grand appartement dans immeuble moderne de standing: hall d'entrée, quatre chambres avec salles de bains, grand salon, salon TV, salle à manger, grande cuisine, deux balcons (41m² et 7m²), cave à vins 7m², cave 15m², box double fermé équipé pour véhicules électriques, alarme."
Rachel/Estimations/Appartement/Malagnou 40A/Estimation-Malagnou 40A.pptx,Route de Malagnou 40A,Malagnou,Appartement,171.0,1990,14500.0,2479500.0,2600000.0,"Élégant appartement traversant de 171m², 4ème étage, 3 chambres, 2 salles de bains, 2 grandes terrasses, cave et place de parking, situé dans le quartier prisé de Malagnou, proche des commodités et transports."
Rachel/Estimations/Appartement/Miremont 1/Estimation Miremont 1.pptx,"Av. de Miremont 1, 1206 Genève",Champel,Attique,,"Fin 19e siècle, rénové en 2020",19500.0,5822750.0,6200000.0,"Attique en duplex de 4 chambres à Champel, aux 3e et 4e étages d'un immeuble fin XIXe siècle, double orientation Est-Ouest, vue dégagée, deux terrasses, cuisine et salles de bain rénovées en 2020, climatisation réversible, cave et place de parking, clé en main."
Rachel/Estimations/Appartement/Miremont 13/Estimation Miremont 13 (Copie en conflit de Staff Leonard Properties 2026-07-01).pptx,"Av. de Miremont 13, 1206 Champel, Genève",Champel,Appartement,,1961-1970 (rénové 2015-2023),16000.0,1716000.0,1850000.0,"Appartement au 4e étage, immeuble résidentiel des années 1960, cuisine rénovée en 2015, salon-bibliothèque, séjour avec salle à manger, 2 chambres avec salles de bains privatives, grenier privatif, jardin à la française, sans balcon, chauffage au mazout."
Rachel/Estimations/Appartement/Miremont 13/Estimation Miremont 13.pptx,"Av. de Miremont 13, 1206 Champel, Genève",Champel,Appartement,,1961-1970 (rénové 2015-2023),16500.0,1716000.0,1850000.0,"Appartement au 4ème étage d'un immeuble résidentiel des années 1960, cuisine rénovée en 2015, 2 chambres avec salles de bains privatives, salon-bibliothèque, grenier privatif, jardin à la française, proche CEVA et commodités."
Rachel/Estimations/Appartement/Parc du chateau Banquet 12/Estimation-Parc du château Banquet 12.pptx,"Parc du Château-Banquet 12, 1202 Genève",Parc du Château Banquet,Appartement,,1946 (rénové en 2019),18500.0,3111750.0,3300000.0,"Appartement au 7ème étage avec vue imprenable sur le lac, entièrement rénové en 2019, hall d'entrée, cuisine équipée, double salon, salle à manger, deux chambres en suite avec balcon, troisième pièce bureau/chambre d'enfant, cave, une place de parking extérieure."
Rachel/Estimations/Appartement/Pedro Meylan 2/Estimation Pedro Meylan 2.pptx,"Rue Pedro Meylan 2, 1208 Genève","Champel, Malagnou",Appartement,123.0,1961-1970 (rénové en 2019),30000.0,17415900.0,19500000.0,"Appartement de 123 m² au 2e étage, entièrement rénové en 2019, avec salon, salle à manger, cuisine ouverte, balcon de 7 m², trois chambres dont une suite, deux salles de bain/douche, WC visiteurs, box fermé et cave. Immeuble avec concierge, quartier résidentiel prisé de Champel."
Rachel/Estimations/Appartement/Tivoli 22/Estimation Tivoli 22.pptx,"Chemin de Tivoli 22, 1212 Lancy",Petit-Lancy,Appartement (attique),202.0,2016 à 2020,13500.0,2975400.0,3100000.0,"Attique de 202 m² au 7ème étage avec 56 m² d'espaces extérieurs (terrasse, balcon, loggia avec jacuzzi), 4 chambres, suite parentale, cuisine équipée, box, cave et place de parking intérieure. Vue panoramique sur Genève, sans travaux à prévoir."
Rachel/Estimations/Appartement/Velours 20a/Estimation Chemin du Velours 20A.DEF.pptx,"Chemin du Velours 20A, 1208 Conches",Conches,Appartement,,1986 à 1990,14500.0,2506000.0,2800000.0,"Appartement de 3 chambres au 2e étage, immeuble construit en 1990, quartier résidentiel calme. Salon-salle à manger avec balcon, suite parentale avec salle de bain et balcon privatif, cuisine d'origine. Bon état général, nécessite rénovation de la cuisine et des salles de bain."
Rachel/Estimations/Appartement/Velours 20a/Estimation Chemin du Velours 20A.pptx,"Chemin du Velours 20A, 1208 Conches",Conches,Appartement,,1986 à 1990,13200.0,2287000.0,2450000.0,"Appartement traversant au 2e étage, 3 chambres, suite parentale avec balcon et salle de bain privative, salon-salle à manger avec accès balcon, cuisine d'origine, nécessite rénovation (cuisine, salles de bains), quartier calme sans vis-à-vis, proche commodités et écoles."
Rachel/Estimations/Maison/Californie 2B/Estimation Californie 2B.pptx,"Chemin de la Petite Californie 2B, 1222 Vésenaz",Vésenaz,Maison mitoyenne,,2021-2025,,4600000.0,4900000.0,"Maison mitoyenne jumelée récente (achevée 2025), piscine, terrasse, sous-sol polyvalent, suite parentale, chauffage géothermie, excellent état, aucun travaux à prévoir."
Rachel/Estimations/Maison/Champel 87/Estimation Champel 87 [Enregistré automatiquement].pptx,"87, Avenue de Champel, Genève",Champel,Maison de Maître,,XIXe siècle,14000.0,10917500.0,11500000.0,"Maison de Maître avec jardin arboré, portail en fer forgé, sous-sol avec garage double et buanderie, séjour lumineux avec double salon et salle à manger, cuisine équipée, plusieurs chambres avec salles de bain, combles aménagés, terrasse de 20m², bassin naturel extérieur et parking."
Rachel/Estimations/Maison/Champel 87/Estimation Champel 87à jour.pptx,"87, Avenue de Champel, Genève",Champel,Maison de Maître,,XIXe siècle,,8500000.0,8850000.0,"Maison individuelle avec jardin arboré, bassin naturel, garage double, au cœur de Champel. Peu de vis-à-vis, rareté du bien. Cuisine et salles de bain à rafraîchir, travaux de rénovation intérieure à prévoir."
Rachel/Estimations/Maison/Charvel 9A EN COURS/Estimation/Estimation Charvel 9 .pptx,Route de Thonon 88,Collonge-Bellerive,Maison individuelle,,2021,,5300000.0,5300000.0,"Villa contemporaine de 2021, terrain de 481 m², finitions luxueuses, ascenseur, salle de sport, sauna, cuisine Dada Molteni, suite parentale, garage 2 voitures avec borne électrique, panneaux photovoltaïques, vue sur le Jura."
Rachel/Estimations/Maison/Estimation Malagny 12/Estimation Malagny 12.pptx,"Route de Malagny 12, 1294 Genthod",Genthod,Villa Individuelle,740.0,1781 (rénovée 2008-2011),,,,"Maison de maître classée d'environ 740 m² habitables sur quatre niveaux, construite en 1781, déplacée à Genthod en 1905-1907. Vaste parcelle de 21'721 m² (4 unités foncières), piscine 14x7m avec pool house, 8 chambres, 6 salles de bains, vue sur le Mont-Blanc, rénovation majeure en 2008."
Rachel/Estimations/Maison/Estimation Rte de Genève 10/Estimation - Route de Genève 10 2026 COMBINÉ.pptx,"Route de Genève 8 & 10, Préverenges",Préverenges,Maisons individuelles,,1970s,,5150000.0,5200000.0,"Deux maisons individuelles sur parcelles voisines : bâtiment 554 (1970s) pied dans l'eau avec ponton, terrain 1'310 m², à rénover entièrement ; bâtiment 198/501 (1920) sur terrain boisé de 2'107 m², voué à la démolition, aperçu du lac."
"Rachel/Estimations/Maison/Estimation Rte de Genève 10/Estimation - Route de Genève 10 2026, Batiment 198, 501.pptx","Route de Genève 10, 1028 Préverenges",Préverenges,Maison individuelle,,1920,,2150000.0,2400000.0,"Maison individuelle sur parcelle de 2'107 m² à Préverenges, avec vue sur les montagnes et aperçu du lac, bâtiment vétuste voué à la démolition, jardin à réaménager."
"Rachel/Estimations/Maison/Estimation Rte de Genève 10/Estimation - Route de Genève 8, Batiment 554.pptx","Route de Genève 8, Préverenges",Préverenges,Maison,,1969,,2900000.0,2900000.0,"Maison pied dans l'eau sur parcelle de 1'310 m² avec ponton, vue dégagée sur le lac et les montagnes, nécessitant une rénovation complète (état d'origine depuis 1970), chaudière à mazout, 5 chambres et 2 salles de bains."
Rachel/Estimations/Maison/Estimation Saladin 10 C/Estimation Saladin 10C.pptx,"Chemin Saladin 10C, 1224 Chêne-Bougeries",Chêne-Bougeries,Townhouse,,2017,10550.0,17415900.0,2800000.0,"Townhouse de 2017 aux normes THPE sur parcelle de 195 m², avec sous-sol aménagé (salle polyvalente, chambre, buanderie), rez avec salon cathédrale et cuisine équipée, 1er étage avec 2 chambres enfants et suite parentale de 16 m², parking couvert pour 2 véhicules, domotique, chauffage au sol, panneaux solaires."
Rachel/Estimations/Maison/Estimation Saladin 10 C/Estimation Saladin 10C_2.05_A.pptx,"Chemin Saladin 10C, 1224 Chêne-Bougeries",Chêne-Bougeries,Townhouse,,2017,10550.0,17415900.0,2800000.0,"Townhouse aux normes THPE construite en 2017, terrain de 195 m², 3 chambres, master suite, cuisine équipée, parking couvert 2 véhicules, domotique, chauffage au sol, très bon état général, pas de travaux à prévoir."
Rachel/Estimations/Maison/Estimation Thonon 111A/Estimation Thonon 111A.pptx,Route de Thonon 111A,Collonge-Bellerive,Maison,,1998 (rénové 2016-2020),,3600000.0,3800000.0,"Maison individuelle rénovée avec piscine à contre-courant, terrasse, parking 2 véhicules, 4 à 5 chambres, située à Collonge-Bellerive près du centre de Vésenaz, proche de la route de Thonon."
Rachel/Estimations/Maison/Lance-Pierres 7/Estimation - Lance-Pierres 7.pptx,"Chemin des Lance-Pierres 7, 1252 Meinier",Meinier,Maison,,2024,,5350000.0,5500000.0,"Maison individuelle construite en 2024, excellent état, sur parcelle de 5'500 m² avec court de tennis, piscine, ascenseur, pompe à chaleur HPE, cave à vin climatisée et salle de sport, à Meinier (zone de hameaux/agricole)."
Rachel/Estimations/Maison/Princes 10/Estimation/Estimation Princes 10.pptx,"Route de Thonon 88, 1222 Vésenaz",Collonge-Bellerive,Maison individuelle,,2021 (rénovation 2020-2021),,5300000.0,5300000.0,"Maison individuelle de standing construite en 2021 sur parcelle de 481 m², vue sur le Jura, terrasse, jardin, ascenseur, cuisine Dada Molteni, suite parentale, salle de sport, sauna, garage double avec borne de recharge, domotique et panneaux photovoltaïques."
Rachel/Estimations/Maison/Tattes 5 EN COURS/Estimation/Estimation Chemin des Tattes 5 .pptx,"Chemin des Tattes 5, 1222 Vésenaz",Collonge-Bellerive,Maison individuelle avec piscine,,"Construction 1971-1980, rénovation totale en 2007, piscine 2018",,5700000.0,5900000.0,"Maison individuelle des années 70 avec piscine, jardin d'hiver, jardin paysager arboré, 3 chambres actuelles (5 initialement), sur parcelle de 1001 m². Rénovation totale en 2007, chauffage au mazout."
Rachel/Estimations/Maison/Thonon 88 ENVOYE/Estimations/Dernière estimation à Belfin.pptx,Route d'Hermance 385 – 1247 Anières,Anières,Villa individuelle,,1978,3800.0,25000000.0,28000000.0,"Villa individuelle de 23 pièces, pieds dans l'eau, construite en 1978 sur un terrain de 3'638 m², avec piscine, ponton privé et jardin paysagé. Bon état général, rafraîchissement à prévoir."
Rachel/Estimations/Maison/Thonon 88 ENVOYE/Estimations/Estimation-VILLA route de Thonon 88. .pptx,"Route de Thonon 88, 1222 Vésenaz",Vésenaz / Collonge-Bellerive,Maison,,1974 (rénové 2020-2021),,4300000.0,4450000.0,"Maison individuelle avec terrain de 994 m², piscine, jardin arboré, 4-5 chambres, suite principale avec dressing, atelier/salle de sport et parking pour 2 véhicules. Rénovations importantes 2020-2021 (fenêtres, toiture, électricité, plomberie)."
Template - Appartement/estimation appartement audrey .pptx,"Rue Abraham-Gevray 1, 1201 Genève",Pâquis,Appartement en duplex | Attique,,2016,20000.0,10583800.0,10850000.0,"Duplex/attique de prestige aux Pâquis, à 150m du lac, avec ascenseur privé, double salon, terrasse et vaste toit-terrasse avec vue lac, plusieurs chambres avec salles de bains privées, parkings et salle de sport commune."
Belfin/Archives/Estimation type appartement.docx,"Chemin des Crêts-de-la-Capite 2A – 2C, 1244 Choulex",Choulex,Appartement PPE de 8.0 pièces,458.0,2012,15000.0,6740000.0,7500000.0,"Appartement PPE de 8.0 pièces (458m2) au 2ème étage, immeuble récent construit en 2012 selon standards HPE, avec piscine, espace wellness et gym, situé à Choulex."
Belfin/Archives/Estimation type villa.docx,Chemin de Fossard 38 / 1231 Conches,Genève-Eaux-Vives,Maison d'architecte (De Chambrier & Liechti),,1964,1238.0,,,"Maison d'architecte sur parcelle de 1967m2 en zone 3 de développement, comprenant bâtiment principal, studio, garages-box et local technique, jardin paysagé avec piscine en dur d'environ 40m2."
Belfin/Malagnou 40D/CONTRAT DE COURTAGE-SIMPLE-MALAGNOU 40D.docx,"Route de Malagnou 40D, Lot 5.06",Malagnou,,,,,,1800000.0,
Belfin/Michel Chauvet 15/Michel Chauvet 15 Appraisal - English Summary.docx,"Rue Michel-Chauvet 15, 1208 Champel, Genève",Florissant/Malagnou,Appartement,133.0,1946-1960 (rénové 2005),13500.0,1855750.0,1990000.0,"Appartement de standing dans immeuble emblématique des années 1950, quartier Florissant/Malagnou. Actuellement une chambre, reconfigurable en trois. Terrasse sur toit avec vue panoramique, piscine commune, cave et parking. Travaux de rénovation à prévoir (fenêtres, salles de bain, finitions) et charges collectives importantes attendues."
Belfin/Princes 33C/Estimation_Princes_33C_EN_full_translation.docx,"Chemin des Princes 33C, Choulex",Choulex,Townhouse,,2021,,4800000.0,5200000.0,"Villa mitoyenne Minergie de 2021, pompe à chaleur, finitions haut de gamme, vue lac, jardin paysager, 3 chambres, suite parentale, 2 places de parking souterrain, sous-sol aménagé avec spa et buanderie."
Belfin/Princes 33C/Valuation Summary in English.docx,Chemin des Princes 33C,Choulex,Townhouse,,2021,,4800000.0,5100000.0,"Maison mitoyenne (townhouse) construite en 2021, certifiée Minergie, avec jardin paysager, patio, vue sur le lac, sous-sol avec spa et parking souterrain pour 2 voitures, 3 chambres dont une suite parentale avec dressing et balcon."
Belfin/Source 9/BROKERAGE CONTRACT- EXCLUSIF - SOURCE 9.docx,"Chemin de la Source 9, 1246 Corsier",Corsier,,,,,,7500000.0,
FP/AVENUE_DE_ERMITAGE_24_DALLE/Documents/AVENUE_ERMITAGE_24.docx,Avenue de l’Ermitage 24 / 1224 Chêne-Bougeries,Chêne-Bougeries,Villa mitoyenne par le garage,399.0,1946-60,,,7000000.0,"Villa mitoyenne par le garage sur parcelle de 1779m², rénovée en 2011, comprenant sous-sol et rez-de-chaussée, jardin/terrasse de 1380m², zone 5, Chêne-Bougeries."
FP/AVENUE_DE_LA_PRAILLE40_PONCI/Documents/Contrats de courtage simple PONCI_AvePraille40.docx,"40 avenue de la Praille, 1227 Carouge",Carouge,Appartement,156.0,,,,2390000.0,Appartement de 5.0 pièces de 156m2 (balcon-loggia inclus) au 5ème étage + place de parking.
FP/AVENUE_EDMOND_VAUCHER_6/Documents/EDMOND_VAUCHER_6_170521.docx,Avenue Edmond-VAUCHER 6 / 1203 Genève,Genève-Petit-Saconnex,Maison individuelle,,1919,1000.0,2207250.0,2250000.0,"Maison individuelle de 1919, 4 niveaux (sous-sol, rdc, 1er et 2ème étage), avec 2 box-garages et véranda, sur parcelle de 1844m², Zone 3, inscrite dans un Plan de Site protégé (CMNS)."
FP/AVENUE_EUGENE_PITTARD_46/PENTHOUSE_EUGENE_PITTARD_46_100521.docx,Avenue Eugène-Pittard 46B / 1206 Genève,Genève-Cité,Appartement PPE (penthouse),,2009,25000.0,,11500000.0,"Appartement penthouse de grande taille, lot PPE au 5ème étage, situé dans un quartier recherché proche des commodités et axes de circulation, zone de développement 3."
FP/AVENUE_EUGENE_PITTARD_46/PENTHOUSE_EUGENE_PITTARD_46_170521.docx,Avenue Eugène-Pittard 46B / 1206 Genève,Genève-Cité,Appartement PPE (penthouse),,2009,23000.0,,9500000.0,"Appartement penthouse de grande taille au 5ème étage (lot PPE 9.01, 124.7 millièmes), situé dans un quartier recherché proche des commodités et axes de circulation, construit en 2009."
FP/AVENUE_GIDE_10/Documents/AVENUE_GIDE_10.docx,Avenue Gide 10 / 1224 Chêne-Bougeries,Chêne-Bougeries,Villa individuelle,166.0,2013,,3596950.0,3800000.0,"Villa individuelle construite en 2013/2015 avec standards HPE, comprenant rez-de-chaussée habitable, sous-sol avec locaux techniques et caves, garage privé, sur parcelle de 1219m2 avec aménagements extérieurs engazonnés."
FP/CHEMIN_DIODATI_14/CHEMIN_DIODATI_14.docx,"Chemin de Diodati 14, 1223 Cologny",Cologny,Maison individuelle,654.0,1971-1980,,,11500000.0,"Maison individuelle sur parcelle arborée de 2925m² avec vue lac, chemin privé fermé à la circulation, orientation ouest/sud-ouest côté lac."
FP/CH_BEAUVOIR_4/Documents/CH_BEAUVOIR_4_KATOUT.docx,Chemin de Beauvoir 4 / 1245 Collonge-Bellerive,Collonge-Bellerive,Villa individuelle (maison individuelle),135.0,2016,2200.0,2314950.0,3000000.0,"Villa individuelle sur parcelle de 517m², maison principale de 135m2, construite en 2016, avec couvert à véhicules et aménagements extérieurs (terrasse, cour intérieure bétonnée)."
FP/CH_BEAUVOIR_4/Documents/RTE DE TROINEX 37.docx,"Chemin de Beauvoir 4, 1245 Collonge-Bellerive",Collonge-Bellerive,Maison individuelle,135.0,2016,1600.0,7217058.0,7300000.0,"Villa individuelle sur parcelle de 517m2, bâtiment de 135m2 (habitation un logement), construite en 2016, zone 5, à Collonge-Bellerive."
FP/CH_DES_CAMPAGNOLS_10/CHEMIN_DES_CAMPAGNOLS_10_VEYRIER.docx,"Chemin des Campagnols 10C, 1255 Veyrier",Veyrier,Villa individuelle,268.0,1975 (rénovation 2015),,1859705.0,1980000.0,"Villa individuelle sur parcelle de 1571m2, comprenant sous-sol et rez-de-chaussée, garage privé, entièrement rénovée en 2015, avec aménagements extérieurs et terrasse."
FP/CH_DES_CRETS_DE_LA_CAPITE2A-2C_GOLUKHOV/Documents/Contrat_Courtage exclusif_CretsCapite2A-2C_GOLUKHOV.docx,"2A-2C Chemin des Crêts-de-la-Capite, 1244 Choulex",Choulex,Appartement,,,,,8800000.0,"Appartement de 8.0 pièces, Lot no. 5.08, avec 2 caves et 2 double-box garage, parcelle No. 2678, commune de Choulex."
FP/CH_DES_CRETS_DE_LA_CAPITE2A-2C_GOLUKHOV/Documents/Estimation_CRETS-DE-LA-CAPITE2A-2C_GOLUKHOV.docx,"Chemin des Crêts-de-la-Capite 2A – 2C, 1244 Choulex",Choulex,Appartement PPE,458.0,2012,15000.0,6900000.0,7500000.0,"Appartement PPE de 8.0 pièces (458m2) au 2ème étage, immeuble récent construit en 2012 selon standards HPE, avec infrastructures communes (piscine, espace wellness et gym)."
FP/CH_DES_CRETS_DE_LA_CAPITE2A-2C_GOLUKHOV/Documents/FINAL/Estimation_CRETS-DE-LA-CAPITE2A-2C_GOLUKHOV_final.docx,"Chemin des Crêts-de-la-Capite 2A – 2C, 1244 Choulex",Choulex,Appartement PPE,458.0,2012,17000.0,7632482.0,8800000.0,"Appartement PPE de 8.0 pièces (458m2) au 2ème étage, immeuble récent construit en 2012 selon standards HPE, avec infrastructures communes (piscine, espace wellness et gym)."
FP/CH_DES_EPINES_20_DESPRES/Documents/CHEMIN_EPINES_20_DESPRES.docx,Chemin des Epines 20 / 1222 Vésenaz,"Vésenaz, Collonge-Bellerive",Villa mitoyenne par le garage,110.0,1971,,1859705.0,1980000.0,"Villa mitoyenne à Vésenaz, construite en 1971, comprenant sous-sol et rez-de-chaussée, avec garage privé et jardin. Parcelle de 719m², habitation de 110m²."
FP/CH_DES_EPINES_20_DESPRES/Documents/CH_PRINCES_141_ANNABELLE/CHEMIN_PRINCES141_Annabelle.docx,141 chemin des Princes / 1231 Choulex,Choulex,Maison individuelle,203.0,1947 (rénovation 2017),,6428422.0,,"Maison individuelle au cœur d'une grande propriété sur parcelle de 16'862m2, comprenant habitation (203m2), garage privé (40m2) et pool house (17m2), en zone agricole, rénovée en 2017."
FP/CH_DES_EPINES_20_DESPRES/Documents/REMETTAZ_7_TRASK/CHEMIN_DE_LA_REMETTAZ_7_TRASK.docx,"Chemin de la Remettaz 7, 1255 Veyrier",Veyrier,Villa individuelle,217.0,1975 (rénové 2010),,3662791.0,3900000.0,"Villa individuelle sur parcelle de 1095m², rez-de-chaussée inférieur et supérieur, entièrement rénovée en 2010 avec matériaux de qualité, jardin et cour de 878m², toiture non-aménagée à 2 pans."
FP/CH_DES_EPINES_20_DESPRES/Documents/REMETTAZ_7_TRASK/Documents/CHEMIN_EPINES_20_DESPRES.docx,Chemin de la Remettaz 7 / 1255 Veyrier,Veyrier,Villa individuelle,110.0,1971,,1859705.0,1980000.0,"Villa individuelle construite en 1971, comprenant sous-sol, rez-de-chaussée et garage privé, sur parcelle de 1095 m² avec jardin/cour de 585 m². Acquisition en 1984 par donation."
FP/CH_DES_GOTETTES_10A_10B_12A/Documents/CH_BEAUVOIR_4_KATOUT.docx,"Chemin des Gotettes 10A, 10B et 12A, 1222 Vésenaz",Vésenaz (Collonge-Bellerive),Villa individuelle,,,2000.0,2314950.0,3000000.0,"Villa individuelle sur parcelle de 517m² avec couvert à voitures, terrasse et cour intérieure bétonnée, située à Vésenaz."
FP/CH_DES_GOTETTES_10A_10B_12A/Documents/GOTETTES_10A_10B_12A.docx,"Chemin des Gotettes, 1222 Vésenaz (parcelles Nos. 7387, 7388, 5689)",Collonge-Bellerive / Vésenaz,Parcelles constructibles en Zone 5,,,2000.0,,,"Trois parcelles constructibles en Zone 5 situées au Ch. des Gotettes, Collonge-Bellerive, avec potentiel de développement (IUS 0.30) pour des habitations R+1 + sous-sol aux standards THPE."
FP/CH_DES_GOTETTES_10A_10B_12A/Documents/GOTETTES_modified.docx,"Chemin des Gotettes, 1222 Vésenaz",Vésenaz / Collonge-Bellerive,Parcelles constructibles en Zone 5,,,1800.0,,,"Estimation de la valeur vénale de 3 parcelles (Nos. 7387, 7388, 5689) situées au chemin des Gotettes à Collonge-Bellerive, en zone 5, avec une partie en zone agricole pour la parcelle 5689."
FP/CH_DES_PRES_COURTS(_PONCET/Documents/CHEMIN_PRES-COURTS8_PONCET.docx,"Chemin des Prés-Courts 20, 1222 Vésenaz","Vésenaz, Collonge-Bellerive",Maison individuelle,,1929,,6573653.0,7200000.0,"Maison individuelle sur belle parcelle arborée avec vue lac, sous-sol et rez-de-chaussée, garage privé, jardin aménagé et accès co-exclusif à un ponton privé via servitude."
FP/CH_DES_RAMIERS_9_REYTAN/Documents/RAMIERS_9_REYTAN.docx,Chemin des Ramiers 9 / 1245 Collonge-Bellerive,Collonge-Bellerive,Maison individuelle (Villa individuelle sur parcelle),186.0,1961-1970,,3467198.0,3600000.0,"Villa individuelle sur parcelle de 1871m², construite entre 1961-1970, avec sous-sol et rez-de-chaussée, nécessitant une remise au goût du jour mais entretenue régulièrement (chaudière remplacée en 2019)."
FP/CH_DES_RAMIERS_9_REYTAN/Documents/RAMIERS_9_REYTAN_2.docx,Chemin des Ramiers 9 / 1245 Collonge-Bellerive,Collonge-Bellerive,Villa individuelle sur parcelle,186.0,1961-1970,,4190680.0,4400000.0,"Villa individuelle sur parcelle de 1871 m², sous-sol et rez-de-chaussée, construite dans les années 1960-1970, entretien régulier, chaudière remplacée en 2019, jardin engazonné, terrasse en dur, parking extérieur."
FP/CH_DE_MANCY_3E_JORDAN/Document/CHEMIN DE MANCY 3E_060421.docx,"Chemin de Mancy 3E, 1245 Collonge-Bellerive (GE)",Collonge-Bellerive,Villa contiguë,109.0,2012,,,2800000.0,"Villa contiguë sur parcelle de 426m², construite en 2012, comprenant sous-sol, rez-de-chaussée et étage, avec garage privé et jardin."
FP/CH_DE_MANCY_3E_JORDAN/Document/Estimation_Mancy3E_JORDAN_draft.docx,Chemin de Mancy 3E / 1245 Collonge-Bellerive,Collonge-Bellerive,Villa contigüe,,2012,2100.0,2435600.0,2680000.0,"Villa mitoyenne à Collonge-Bellerive, construite en 2012, rénovée entre 2018 et 2021, sur parcelle de 426m², comprenant sous-sol, rez et 1er étage, garage, piscine et jardin aménagé."
FP/CH_DE_MANCY_3E_JORDAN/Document/Estimation_Mancy3E_JORDAN_draft1.docx,"Chemin de Mancy 3E, 1245 Collonge-Bellerive",Collonge-Bellerive,Villa contigüe,111.0,2012 (rénovations 2018-2021),2100.0,2435600.0,2680000.0,"Villa mitoyenne à Collonge-Bellerive, parcelle de 426m², construite en 2012 avec rénovations successives jusqu'en 2021, comprenant sous-sol, rez et 1er étage, garage privé et piscine."
FP/CH_DE_MONPLAISIR3A_MANGADO/Documents/Estimation_Villa_Ch_Monplaisir3A_MORRAS_MANGADO.docx,Chemin de Monplaisir 3A / 1224 Chêne-Bougeries,Chêne-Bougeries (secteur Grange-Falquet),"Villa contemporaine avec piscine, 6.0 pièces",,2022,,2850000.0,,"Villa contemporaine de 6.0 pièces avec piscine extérieure, construite en 2022, sur parcelle de 452m2 avec jardin, terrasse et piscine en dur, située à Chêne-Bougeries proche des transports mais exposée aux nuisances de la route de Chêne."
FP/CH_DE_MONPLAISIR3A_MANGADO/Documents/Estimation_Villa_Ch_Monplaisir3A_MORRAS_MANGADO_modified101123.docx,"Chemin de Monplaisir 3A, 1224 Chêne-Bougeries",Chêne-Bougeries (secteur Grange-Falquet),Villa contemporaine avec piscine,,2022,,2950000.0,,"Villa contemporaine de 6.0 pièces avec piscine extérieure, construite en 2022, sur parcelle de 1871m², comprenant rez-de-chaussée, étage et sous-sol, terrasse, jardin et piscine en dur."
FP/CH_DE_NAVILLE_22_LIECHTI/CHEMIN_DE_NAVILLE_22_090421.docx,"Chemin de Naville 22, 1231 Conches (GE)",Conches (Chêne-Bougeries),Villa contiguë,122.0,1971/1972,,2400000.0,,"Villa contiguë sur parcelle de 858m², bâtiment d'habitation de 122m² construit en 1971/1972, comprenant sous-sol, rez-de-chaussée et étage, avec garage privé, jardin et cour, en zone 5."
FP/CH_DE_TOUR_CARREE_7_EL_FAROUKI/Documents/APMT_CHEMIN_DE_LA_TOUR-CARREE.docx,"7 Chemin de la Tour-Carrée, 1223 Cologny",Cologny,Appartement PPE,,1987 (rénové en 2017),23000.0,6850000.0,,"Appartement de standing sur deux niveaux (rez-supérieur et rez-inférieur) à Cologny, entièrement rénové en 2017, avec 2 places de parking et accès à une piscine commune."
FP/CH_DU_MILIEU_7_DRAGONFLY_SA/MILIEU_7_DRAGONFLY_SA.docx,"Chemin du Milieu 7, 1245 Collonge-Bellerive",Collonge-Bellerive,Parcelle nue (hangar à bateaux) pieds dans l'eau,,1991-1995,3800.0,27000000.0,,"Parcelle de 6551m² pieds dans l'eau en zone 5, comprenant un hangar à bateaux de 24m² construit entre 1991 et 1995, acquise en 2012."
FP/CH_DU_MILIEU_7_DRAGONFLY_SA/PARCELLE_7988_Collonge_Bellerive.docx,"Chemin du Port-de-Bellerive 36, 1245 Collonge-Bellerive",Collonge-Bellerive,Parcelle nue (hangar à bateaux) pieds dans l'eau,,1991-1995,3800.0,27000000.0,29000000.0,"Parcelle de 6551m² pieds dans l'eau avec hangar à bateaux de 24m², 1ère ligne lac, zone 5, terrain rare et recherché."
FP/CH_DU_MILIEU_7_DRAGONFLY_SA/PARCELLE_7988_Collonge_Bellerive_2.docx,Chemin du Port-de-Bellerive 36 / 1245 Collonge-Bellerive,Collonge-Bellerive,Parcelle nue (hangar à bateaux) pieds dans l'eau,,1991-1995,,24572000.0,27000000.0,"Parcelle pieds dans l'eau de 6551m2 en zone 5, comprenant un hangar à bateaux de 24m2 construit entre 1991 et 1995, avec accès et dégagement lac direct."
FP/HOTEL_DE_VILLE_12_DE_BEAUMONT/Documents/APMT_HOTEL_DE_VILLE_22_160421.docx,Rue de l'Hôtel-de-Ville 12,Genève-Cité,Appartement PPE,,Avant 1919,19000.0,,10500000.0,"Appartement de standing situé au 2ème étage, cœur de la Vieille-Ville de Genève, proche de l'hypercentre, bien rare et de grande taille."
FP/PETITE_FONTAINE_7_TRELEX/DOCUMENTS/PETITE_FONTAINE_7_TREXLEX.docx,"7 chemin de la Petite Fontaine, 1270 Trélex",Trélex,Maison individuelle,,2016,1200.0,6153000.0,7300000.0,"Villa de standing avec piscine sur parcelle de 2200m², garage double et garage à vélos, aménagements extérieurs soignés, quartier résidentiel de Trélex."
FP/Pour_BELFIN/Estimation - Bessinge4_draftFP.docx,Chemin de Bessinge 4 / 1253 Vandoeuvres (GE),Vandoeuvres,Villa individuelle,158.0,Env. 1976,,,,"Maison de Maître sans travaux à prévoir, emplacement privilégié hors nuisances, parcelle dégagée avec peu de vis-à-vis. Quelques rafraîchissements à prévoir dans la maison."
FP/RTE_BOURDIGNY_71/RTE DE BOURDIGNY_71.docx,"Rte de Troinex 37, 1234 Vessy",Vessy,Villa,,2016 (dernière rénovation),1600.0,7217058.0,7300000.0,"Belle propriété sur parcelle de 2524 m² à Vessy, comprenant une maison principale (245 m² au sol) avec sous-sol aménagé, une dépendance/pool-house de 44 m², un couvert pour 4 véhicules et un jardin arboré bien entretenu."
FP/RTE_DE_BOURDIGNY_71/Documents/RTE_DE_BOURDIGNY_71.docx,"Rte de Bourdigny 71, 1242 Bourdigny",Bourdigny,Appartement en duplex,200.0,1981,9000.0,1925800.0,1950000.0,"Bel appartement en duplex au 3ème étage, situé au cœur des vignes à Bourdigny, avec une place de parking ouverte et deux places couvertes."
FP/RTE_TROINEX_37_ROLNIK/Documents/Contrat_Rte_Troinex37_ROLNIK.docx,"37 route de Troinex, 1234 Vessy",Vessy,Maison individuelle,,,,,7300000.0,Maison individuelle avec dépendance (poolhouse) et piscine extérieure sur parcelle de 2200m2.
FP/RTE_TROINEX_37_ROLNIK/Documents/RTE DE TROINEX 37.docx,"Rte de Troinex 37, 1234 Vessy",Vessy,Maison individuelle avec dépendance et piscine,245.0,1993 (rénové 2016),,7217058.0,7300000.0,"Belle propriété sur parcelle de 2524m2 à Vessy, maison principale avec dépendance/poolhouse, piscine, couvert pour 4 véhicules, jardin arboré et bien entretenu."
FP/RTE_TROINEX_37_ROLNIK/Documents/RTE_TROINEX37_ROLNIK.docx,"Rte de Troinex 37, 1234 Vessy",Vessy,Maison individuelle avec dépendance et piscine,,1993 (rénové en 2016),1700.0,27000000.0,4400000.0,"Belle propriété sur parcelle de 2524m2 à Vessy, maison individuelle avec dépendance et piscine, construite en 1993 et rénovée en 2016."
FP/RUE_DE_HOTEL_DE_VILLE_22/APMT_HOTEL_DE_VILLE_22_090421.docx,Rue de l'Hôtel-de-Ville 12,Genève-Cité,Appartement PPE,330.0,Avant 1919,18000.0,,9000000.0,"Appartement de standing situé au cœur de la Vieille-Ville de Genève, proche de l'hypercentre, bien rare et de grande taille dans un emplacement exceptionnel."
FP/RUE_DE_HOTEL_DE_VILLE_22/APMT_HOTEL_DE_VILLE_22_160421.docx,Rue de l'Hôtel-de-Ville 12,Genève-Cité,Appartement PPE,,Avant 1919,19000.0,,10500000.0,"Appartement de standing, bien rare et de grande taille, situé au cœur de la Vieille-Ville de Genève, proche de l'hypercentre."
FP/récup ordi FP/CHEMIN DES MUGUETS 8B - estimation .docx,"Chemin des Muguets 8B, Vessy (GE)","Vessy, Veyrier",Appartement,144.0,2018,9500.0,1566250.0,,
FP/récup ordi FP/CHEMIN RIEU 15A - estimation .docx,"Chemin Rieu 15a, 1208 Genève",Genève-Eaux-Vives,Appartement,192.0,1971-1980,14700.0,3050000.0,3200000.0,"Appartement rénové avec box, situé dans un immeuble datant des années 1970-1980, comprenant une surface PPE de 192m² et un balcon de 8m²."
FP/récup ordi FP/Estimation - 301 Rte D'hermance.docx,"Route d'Hermance 301, 1247 Anières (GE)",Anières,Maison contiguë,,1946-1960 (rénové 2006-2007),,3076005.0,,"Maison contiguë avec vue lac, nombreuses chambres, majoritairement rénovée, sise en Zone 5 et Zone des Rives du Lac à Anières."
FP/récup ordi FP/Estimation - AVENUE PESCHIER 12.docx,"Avenue Peschier 12, 1206 Genève",Genève-Plainpalais,Appartement,124.0,1919 à 1945,14800.0,1850000.0,1920000.0,"Appartement rénové situé à un étage élevé avec vue sur le Parc Bertrand. Pas de place de parking affiliée à l'achat, une vraie chambre. Immeuble de 5 niveaux + combles."
FP/récup ordi FP/Estimation - Capite 138A - Estimation.docx,"Route de la Capite 138A, 1253 Vandoeuvres (GE)",Vandoeuvres,Villa individuelle,112.0,1986-1990 (rénové en 2011),2800.0,,,"Villa individuelle de charme à Vandoeuvres, sans vis-à-vis, très bien entretenue, proche du golf, avec petite cour extérieure et véranda non cadastrée."
FP/récup ordi FP/Estimation - Ch. Bram-Van-Velde 8Cristina .docx,"Chemin Bram-Van Velde 8, 1206 Genève",Genève – Plainpalais,Hôtel Particulier,249.68,2007-2008 (rénové 2019-2020),14000.0,3903520.0,4120000.0,
FP/récup ordi FP/Estimation - Crêts de Champel 36.docx,"Chemin des Crêts de Champel 36, 1206 Genève","Champel, Genève",Appartement,86.0,,11000.0,946000.0,1000000.0,"Appartement PPE de 86m² situé à Champel, quartier calme et résidentiel proche du centre-ville et des commerces. Absence de parking, disposition du salon peu lumineuse."
FP/récup ordi FP/Estimation_Argiliere16_090424Belfin.docx,"Chemin de l’Argilière 16, 1234 Vessy",Vessy (Veyrier),Appartement PPE Duplex de 7.0 pièces,215.8,1995 (rénové en 2020),10000.0,2958130.0,,"Appartement duplex de 7 pièces (lots 2.06 & 3.06), surface habitable 215.8 m², construit en 1995 et rénové en 2020, situé sur la parcelle N°5360 à Veyrier, zone de développement 4B."
FP/récup ordi FP/Estimation_Argiliere16_finale_090424.docx,Chemin de l’Argilière 16 / 1234 Vessy,Vessy (commune de Veyrier),Appartement PPE en duplex de 7.0 pièces,,Construction 1995 / rénové en 2020,11500.0,3253943.0,,"Appartement PPE de 7.0 pièces en duplex, lots 2.06 & 3.06, situé au Chemin de l’Argilière 16, Vessy (commune de Veyrier), construit en 1995 et rénové en 2020."
FP/récup ordi FP/Estimation_RueChabrey17_VERNET_050224.docx,17 rue Chabrey / 1202 Genève,Genève-Petit-Saconnex,Appartement PPE de 5.0 pièces avec balcon,124.0,1985 (rénové 2015-2016),13000.0,1741440.0,,"Appartement PPE de 5.0 pièces, 124m² + 11m² balcon, 1er étage, avec box-parking, rénové en 2015-2016 (cuisine, 2 salles de bain, peinture)."
FP/récup ordi FP/Estimation_Villa_CH_des_Bucherons69_final260424 Belfin.docx,Chemin des Bûcherons 69 / 1234 Vessy,Veyrier,Villa,,"2001 (rénovations 2012, 2020)",1600.0,4863106.0,5600000.0,"Villa de style classique avec piscine extérieure, garage privé, sur parcelle de 1994 m² en zone villa (Veyrier), 4 niveaux (rez, étage, combles, sous-sol), rénovée en 2012 et 2020."
FP/récup ordi FP/Estimation_Villa_CH_des_Bucherons69_final260424.docx,Chemin des Bûcherons 69 / 1234 Vessy,Vessy (Veyrier),Maison de style classique avec piscine extérieure,,2001,1600.0,4974817.0,5900000.0,"Villa individuelle de style classique sur parcelle de 1994m2 en zone 5, avec piscine extérieure, garage privé, rénovée en 2012, 2020 et 2023, comprenant rez-de-chaussée, combles aménagés et sous-sol."
FP/récup ordi FP/Estimation_Villa_Cerisier6_CGS_RealEstate_finale250424.docx,"Chemin du Cerisier 6, 1246 Corsier",Corsier,Villa individuelle,,"1976, rénovée en 2022",2300.0,,,"Maison de caractère de 9 pièces sur parcelle de 1856m2 (zone villa) plus env. 1700m2 en zone agricole, à Corsier. Rénovation complète en 2012, jardin paysagé, garage privé."
FP/récup ordi FP/estimation - Crêts-de-Champel 18.docx,Chemin des Crêts-de-Champel 18 – 1206 Genève,Genève-Plainpalais,Appartement,85.0,env. 1975,12000.0,1080000.0,,"Appartement rénové, situé à un étage élevé, avec box inclus. Immeuble datant des années 1970."
FP/récup ordi FP/estimation - amandolier 12.docx,"Avenue de l’Amandolier 12, 1208 Genève",Genève-Eaux-Vives,Villa individuelle,,avant 1919 (rénovation ~2010),25000.0,,16750000.0,"Villa individuelle à Genève-Eaux-Vives, construite avant 1919 et rénovée vers 2010, en zone de développement 3. Moyennant des travaux de rénovation estimés à 2.5M CHF, le bien pourrait être remis sur le marché."
Leonard/Nant d'Argent 12/CONTRAT DE COURTAGE - Nant d'Argent 12.docx,"Chemin du Nant d’Argent 12, Cologny, 1223",Cologny,,,,,,48000000.0,
Rachel/Estimations/Appartement/Av. de Champel 64/CONTRAT DE COURTAGE CHAMPEL 64.docx,"Av. de Champel 64, Champel 1206",Champel,,,,,,7500000.0,
Rachel/Estimations/Appartement/Eugène-Pittard 13/Mandat/Contrat de courtage Eugène Pittard 13.docx,Avenue Eugène Pittard 13 – 1206 Genève,Genève,Appartement,,,,,5900000.0,
Rachel/Estimations/Maison/Charvel 9A EN COURS/Mandat/Contrat de courtage Charvel 9A.docx,"Chemin de Charvel 9A, 1222 Vesenaz",Vesenaz,Maison jumelée,,,,,5300000.0,"Maison jumelée sise Chemin de Charvel 9A à Vesenaz, parcelle 9990, lots 6668 et 6669."
Rachel/Estimations/Maison/Princes 10/Mandat/Contrat de courtage Princes 10.docx,Chemin de Charvel 9A - 1222 Vesenaz,Vesenaz,Maison jumelée,,,,,5300000.0,
Rachel/Estimations/Maison/Tattes 5 EN COURS/Comparables/Comparables pour chemin des Tattes 5.docx,chemin des Tattes 5,Vesenaz,Maison individuelle,160.0,,,,,
Rachel/Estimations/Maison/Tattes 5 EN COURS/Mandat/Contrat de courtage Tattes 5.docx,"Chemin des Tattes 5, 1222 Vésenaz",Vésenaz,Maison individuelle,,,,,5900000.0,"Maison individuelle sise Chemin des Tattes 5 à Vésenaz, parcelle 7367, lots 2985 et 4553, mise en vente au prix souhaité de CHF 5'900'000."
Rachel/Estimations/Maison/Thonon 88 ENVOYE/Mandat/Contrats de courtage - Thonon 88 - 2024 .docx,Route de Thonon 88,,Villa,,,,,4450000.0,"Villa sise route de Thonon 88, parcelle 6224 d'une surface totale de 994 m², lot 2728."
